<application>
  <component name="CosySettings">
    <option name="dedicatedDomainUrl" value="" />
    <option name="displayLanguage" value="zh" />
    <option name="localStoragePath" value="$USER_HOME$/.lingma" />
    <option name="parameter">
      <ChangeUserSettingParams>
        <option name="allowReportUsage" value="true" />
        <option name="cloud">
          <CloudModelParam>
            <option name="autoTrigger">
              <CloudModelAutoTrigger>
                <option name="enable" value="true" />
                <option name="generateLength" value="level_1" />
                <option name="modelLevel" value="large" />
              </CloudModelAutoTrigger>
            </option>
            <option name="enable" value="true" />
            <option name="manualTrigger">
              <CloudModelManualTrigger>
                <option name="generateLength" value="level_2" />
                <option name="modelLevel" value="large" />
              </CloudModelManualTrigger>
            </option>
          </CloudModelParam>
        </option>
        <option name="local">
          <LocalModelParam>
            <option name="enable" value="false" />
            <option name="inferenceMode" value="auto" />
            <option name="maxCandidateNum" value="3" />
          </LocalModelParam>
        </option>
      </ChangeUserSettingParams>
    </option>
    <option name="recentQueries">
      <map>
        <entry key="go-zero-message-center|1947619798585546">
          <value>
            <list>
              <option value="/generate comment" />
            </list>
          </value>
        </entry>
        <entry key="go_zero_pgsql|1947619798585546">
          <value>
            <list>
              <option value="result, err := l.svcCtx.Redis.Incr(l.ctx,&quot;get_count&quot;).Result()如果没有这个key会报错么" />
              <option value="/generate comment" />
              <option value="/explain code" />
              <option value="/generate comment" />
              <option value="/explain code" />
              <option value="/generate optimization" />
              <option value="我只想返回一个" />
              <option value="/explain code" />
              <option value="/generate comment" />
              <option value="/explain code" />
              <option value="/generate optimization" />
            </list>
          </value>
        </entry>
        <entry key="gostudy|1947619798585546">
          <value>
            <list>
              <option value="/generate optimization" />
              <option value="/generate comment" />
            </list>
          </value>
        </entry>
        <entry key="learn_to_use_user|1947619798585546">
          <value>
            <list>
              <option value="/generate comment" />
            </list>
          </value>
        </entry>
        <entry key="open-im-server|1947619798585546">
          <value>
            <list>
              <option value="/generate comment" />
              <option value="/explain code" />
            </list>
          </value>
        </entry>
        <entry key="simple-admin-common|1947619798585546">
          <value>
            <list>
              <option value="/explain code" />
            </list>
          </value>
        </entry>
        <entry key="simple-admin-core|1947619798585546">
          <value>
            <list>
              <option value="/explain code" />
            </list>
          </value>
        </entry>
      </map>
    </option>
    <option name="showInlineAcceptTips" value="false" />
    <option name="showInlineCancelTips" value="false" />
    <option name="showInlineTriggerTips" value="false" />
  </component>
</application>