<application>
  <component name="vgo">
    <environment>
      <map>
        <entry key="GOPRIVATE">
          <value>
            <list>
              <option value="git.hyue.com" />
            </list>
          </value>
        </entry>
        <entry key="GOPROXY">
          <value>
            <list>
              <option value="https://goproxy.cn,direct" />
              <option value="direct" />
              <option value="https://goproxy.cn" />
            </list>
          </value>
        </entry>
      </map>
    </environment>
  </component>
</application>