<application>
  <component name="Translation.Cache">
    <option name="lastTrimTime" value="1728141629995" />
  </component>
  <component name="Translation.States">
    <histories>
      <item value="ReadFile reads the named file and returns the contents. A successful call returns err == nil, not err == EOF. Because ReadFile reads the whole file, it does not treat an EOF from Read as an error to be reported." />
      <item value="String defines a string flag with specified name, default value, and usage string. The return value is the address of a string variable that stores the value of the flag." />
      <item value="Abs returns an absolute representation of path. If the path is not absolute it will be joined with the current working directory to turn it into an absolute path. The absolute path name for a given file is not guaranteed to be unique. Abs calls [Clean] on the result." />
      <item value="WithJwt returns a func to enable jwt authentication in given route." />
      <item value="Edges holds the relationsedges for other nodes in the graph. The values are being populated by the UserQuery when eager-loading is set." />
      <item value="Internal errors. Means some invariants expected by underlying system has been broken. If you see one of these errors, something is very broken. This error code will be generated by the gRPC framework in several internal error conditions." />
      <item value="returns Casbin Enforcer with Redis watcher." />
      <item value="returns Code Error with custom invalid argument error code" />
      <item value="Unavailable indicates the service is currently unavailable. This is a most likely a transient condition and may be corrected by retrying with a backoff. Note that it is not always safe to retry non-idempotent operations. See litmus test above for deciding between FailedPrecondition, Aborted, and Unavailable. This error code will be generated by the gRPC framework during abrupt shutdown of a server process or network connection." />
      <item value="returns Code Error with custom unavailable error code" />
      <item value="NewCodeAbortedError returns Code Error with custom aborted error code" />
      <item value="InvalidArgument indicates client specified an invalid argument. Note that this differs from FailedPrecondition. It indicates arguments that are problematic regardless of the state of the system (e.g., a malformed file name). This error code will not be generated by the gRPC framework." />
      <item value="gte" />
      <item value="dive" />
      <item value="NewTranslator returns a translator by I18n Conf. If Conf.Dir is empty, it will load paths in embedded FS. If Conf.Dir is not empty, it will load paths joined with Dir path. e.g. trans = i18n.NewTranslator(c.I18nConf, i18n2.LocaleFS)" />
      <item value="Parse parses the UUID stored in the string text. Parsing and supported formats are the same as UnmarshalText." />
      <item value="ParseUUIDSlice parses the UUID string slice to UUID slice." />
      <item value="{&quot;@timestamp&quot;:&quot;2024-09-30T11:27:01.506+08:00&quot;,&quot;caller&quot;:&quot;uuidxuuid.go:38&quot;,&quot;content&quot;:&quot;fail to parse string to UUID&quot;,&quot;detail&quot;:&quot;uuid: incorrect UUID length 3 in string \&quot;123\&quot;&quot;,&quot;level&quot;:&quot;error&quot;}" />
      <item value="set the path of locale if you need to load files" />
      <item value="SetAttributes sets attributes of this span. If a key from attributes already exists the value associated with that key will be overwritten with the value contained in attributes. If this span is not being recorded than this method does nothing. If adding attributes to the span would exceed the maximum amount of attributes the span is configured to have, the last added attributes will be dropped." />
      <item value="A RestConf is a http service config. Why not name it as Conf, because we need to consider usage like: type Config struct { zrpc.RpcConf rest.RestConf } if with the name Conf, there will be two Conf inside Config." />
      <item value="LittleEndian is the little-endian implementation of [ByteOrder] and [AppendByteOrder]." />
      <item value="TODO: See if this is actually necessary. Would burn appear as transfer?" />
      <item value="A Pool is used to pool resources. The difference between sync.Pool is that: 1. the limit of the resources 2. max age of the resources can be set 3. the method to destroy resources can be customized" />
      <item value="PoolOption defines the method to customize a Pool." />
    </histories>
    <option name="languageScores">
      <map>
        <entry key="CHINESE" value="26" />
        <entry key="ENGLISH" value="27" />
      </map>
    </option>
  </component>
</application>