<keymap version="1" name="Default copy" parent="Mac OS X 10.5+">
  <action id="CheckinFiles">
    <keyboard-shortcut first-keystroke="shift meta s" />
  </action>
  <action id="Console.TableResult.CompareCells" />
  <action id="CopyAbsolutePath" />
  <action id="CopyPaths" />
  <action id="CopyReference">
    <keyboard-shortcut first-keystroke="shift meta alt c" />
    <keyboard-shortcut first-keystroke="shift meta c" />
  </action>
  <action id="DatabaseView.CopyDdlAction">
    <keyboard-shortcut first-keystroke="shift meta alt g" />
  </action>
  <action id="Diff.ShowSettingsPopup" />
  <action id="EditorDecreaseFontSize">
    <mouse-shortcut keystroke="meta button143" />
  </action>
  <action id="EditorIncreaseFontSize">
    <mouse-shortcut keystroke="meta button142" />
  </action>
  <action id="EditorLineEnd">
    <keyboard-shortcut first-keystroke="meta right" />
  </action>
  <action id="EditorLineEndWithSelection">
    <keyboard-shortcut first-keystroke="shift meta right" />
  </action>
  <action id="EditorLineStart">
    <keyboard-shortcut first-keystroke="meta left" />
  </action>
  <action id="EditorLineStartWithSelection">
    <keyboard-shortcut first-keystroke="shift meta left" />
  </action>
  <action id="EditorNextWord">
    <keyboard-shortcut first-keystroke="alt right" />
  </action>
  <action id="EditorToggleCase" />
  <action id="ExternalSystem.ProjectRefreshAction" />
  <action id="FindNext">
    <keyboard-shortcut first-keystroke="shift meta down" />
  </action>
  <action id="FindPrevious">
    <keyboard-shortcut first-keystroke="shift meta up" />
  </action>
  <action id="Git.Branches">
    <keyboard-shortcut first-keystroke="shift meta o" />
  </action>
  <action id="Git.Pull">
    <keyboard-shortcut first-keystroke="shift meta i" />
  </action>
  <action id="GotoFile" />
  <action id="IlluminatedCloud.SaveAll">
    <keyboard-shortcut first-keystroke="meta s" />
  </action>
  <action id="JumpToLastChange" />
  <action id="Markdown.Styling.CreateLink" />
  <action id="MoveStatementDown" />
  <action id="MoveStatementUp" />
  <action id="RemoteHostView.CopyPaths" />
  <action id="ResizeToolWindowDown" />
  <action id="ResizeToolWindowLeft" />
  <action id="ResizeToolWindowRight" />
  <action id="ResizeToolWindowUp" />
  <action id="SaveAs" />
  <action id="SelectAllOccurrences">
    <keyboard-shortcut first-keystroke="shift meta g" />
  </action>
  <action id="SelectNextOccurrence">
    <keyboard-shortcut first-keystroke="shift meta d" />
  </action>
  <action id="ShelveChanges.UnshelveWithDialog" />
  <action id="StringManipulation.SwitchStyleAction">
    <keyboard-shortcut first-keystroke="shift meta u" />
  </action>
  <action id="Uml.ShowDiff" />
  <action id="UnselectPreviousOccurrence">
    <keyboard-shortcut first-keystroke="shift meta back_space" />
  </action>
  <action id="WelcomeScreen.CopyProjectPath" />
  <action id="org.intellij.plugins.markdown.ui.actions.styling.ToggleCodeSpanAction" />
</keymap>